{"cameraMode":{"drawMode":0,"name":"Shaded","section":"Shading Mode"},"sceneLighting":true,"audioPlay":false,"sceneViewState":{"showFog":true,"showMaterialUpdate":false,"showSkybox":true,"showFlares":true,"showImageEffects":true,"showParticleSystems":true},"in2DMode":false,"pivot":{"x":-6.090451240539551,"y":2.128330945968628,"z":0.6006981134414673},"rotation":{"x":-0.05491117015480995,"y":0.6959457397460938,"z":-0.053605176508426669,"w":-0.7140741944313049},"size":8.250000953674317,"orthographic":false}