{"cameraMode":{"drawMode":0,"name":"Shaded","section":"Shading Mode"},"sceneLighting":true,"audioPlay":false,"sceneViewState":{"showFog":true,"showMaterialUpdate":false,"showSkybox":true,"showFlares":true,"showImageEffects":true,"showParticleSystems":true},"in2DMode":false,"pivot":{"x":-3.8860466480255129,"y":-0.11329770088195801,"z":10.12209701538086},"rotation":{"x":0.07717450708150864,"y":-0.16174356639385224,"z":0.012840110808610917,"w":0.9838083386421204},"size":11.732333183288575,"orthographic":false}