{"cameraMode":{"drawMode":0,"name":"Shaded","section":"Shading Mode"},"sceneLighting":true,"audioPlay":false,"sceneViewState":{"showFog":true,"showMaterialUpdate":false,"showSkybox":true,"showFlares":true,"showImageEffects":true,"showParticleSystems":true},"in2DMode":false,"pivot":{"x":1.2956405878067017,"y":-2.4622180461883547,"z":5.467837333679199},"rotation":{"x":0.4350825846195221,"y":0.23774079978466035,"z":-0.12028361111879349,"w":0.8601275682449341},"size":5.572378158569336,"orthographic":false}